State,County,City,Title,Link,Price,Date Time,Location,Organiser,Website Link,Facebook Link,Twitter Link,Instagram Link
Arizona,Cochise,Bisbee,2023 Bisbee Plein Air Festival,https://www.eventbrite.com/e/2023-bisbee-plein-air-festival-registration-649314897337?aff=ebdssbdestsearch,,Tomorrow • 8:00 AM,"Central School Project 43 Howell Avenue Bisbee, AZ 85603",Central School Project  Bisbee,https://www.centralschoolproject.org/,,,
Arizona,Cochise,Tombstone,4th Annual Tombstone Native American Festival,https://www.eventbrite.com/e/4th-annual-tombstone-native-american-festival-tickets-679670271077?aff=ebdssbdestsearch,,"Sat, Oct 28 •  10:00 AM ","605 E Fremont St 605 East Fremont Street Tombstone, AZ 85638","Spotted Eagle Native Arts & Crafts, LLC",,,,
Arizona,Cochise,Pearce,Pearce Wine Festival & Cochise Day,https://www.eventbrite.com/e/pearce-wine-festival-cochise-day-tickets-700833982307?aff=ebdssbdestsearch,,"Sat, Oct 21 •  11:00 AM ","Evelyn Williams Memorial Park 1210 E Treasure Road Pearce, AZ 85625",Sunsites Community Association,,,,
Arizona,Cochise,Pearce,Fall Fling and Wine Time!,https://www.eventbrite.com/e/fall-fling-and-wine-time-tickets-690913449727?aff=ebdssbdestsearch,,"Sat, Oct 28 •  10:00 AM ","11878 S Elkhorn Rd 11878 South Elkhorn Road Pearce, AZ 85625",Rendevouz @ The Ranch,,https://www.facebook.com/events/1926717107542254,,
Arizona,Graham,Willcox,Willcox Wine Country - Fall Festival - Oct. 2023,https://www.eventbrite.com/e/willcox-wine-country-fall-festival-oct-2023-tickets-680340134657?aff=ebdssbdestsearch,,"Fri, Oct 20 •  6:00 PM ","Railroad Park 157 N Railroad Ave Willcox, AZ 85643","Cochise Graham Wine Council, Inc.",,https://www.facebook.com/willcoxwinecountry,,
Arizona,Pima,Tucson,VailFest 2023,https://www.eventbrite.com/e/vailfest-2023-tickets-736779105137?aff=ebdssbdestsearch,,"Sat, Oct 21 •  9:00 AM ","Pima County Fairgrounds 11300 South Houghton Road Tucson, AZ 85747",Greater Vail Chamber of Commerce,,,,
Arizona,Pima,Sahuarita,Sahuarita Creche Festival,https://www.eventbrite.com/e/sahuarita-creche-festival-tickets-708327666117?aff=ebdssbdestsearch,,"Fri, Dec 1 •  6:00 PM ","16275 South Starlight View Lane, Sahuarita, AZ, USA 16275 South Starlight View Lane Sahuarita, AZ 85629",Inter-Religious event celebrating Jesus Christ,,,,
Arizona,Pima,Tucson,Trunk 'n' Treat,https://www.eventbrite.com/e/trunk-n-treat-tickets-718868634437?aff=ebdssbdestsearch,,"Sat, Oct 28 •  5:00 PM ","New Spirit Lutheran Church 8701 East Old Spanish Trail Tucson, AZ 85710",New Spirit Lutheran Church,,,,
Arizona,Pima,Tucson,Angels Too Marketplace,https://www.eventbrite.com/e/angels-too-marketplace-tickets-722270198607?aff=ebdssbdestsearch,,Saturday • 9:00 AM,"La Paloma Academy 8140 E. Golf Links Rd. Tucson, AZ 85730",Courtney Watson,,,,
Arizona,Pima,Tucson,"Art & Crafts Fesitval,  7025 E Tanque Verde & Sabino Canyon, Big Lots",https://www.eventbrite.com/e/art-crafts-fesitval-7025-e-tanque-verde-sabino-canyon-big-lots-tickets-649790339397?aff=ebdssbdestsearch,,"Fri, Nov 17 •  10:00 AM ","7025 E Tanque Verde Rd 7025 East Tanque Verde Road Tucson, AZ 85715",Art Attack  Art and Crafts Promotions,http://www.azartattack.com,,,
Arizona,Pima,Tucson,"Art & Crafts Show, 7025 E Tanque Verde & Sabino Canyon, Feb 23,24,25, 2024",https://www.eventbrite.com/e/art-crafts-show-7025-e-tanque-verde-sabino-canyon-feb-232425-2024-tickets-649812696267?aff=ebdssbdestsearch,,"Fri, Feb 23 •  10:00 AM ","7025 E Tanque Verde Rd 7025 East Tanque Verde Road Tucson, AZ 85715",Art Attack  Art and Crafts Promotions,http://www.azartattack.com,,,
Arizona,Pima,Tucson,23rd  Annual Tucson Women's Day Out Expo,https://www.eventbrite.com/e/23rd-annual-tucson-womens-day-out-expo-tickets-460336357437?aff=ebdssbdestsearch,,"Sat, Oct 21 •  10:00 AM ","Doubletree Hotel at Reid Park 445 South Alvernon Way Tucson, AZ 85711","SEI, Inc.",,https://www.facebook.com/womensdayoutexpo,https://www.twitter.com/womensexpousa,
Arizona,Pima,Tucson,Rincon Rotary Foundation 13th Annual Taste of Chocolate,https://www.eventbrite.com/e/rincon-rotary-foundation-13th-annual-taste-of-chocolate-tickets-736598304357?aff=ebdssbdestsearch,,"Sun, Apr 7 •  2:00 PM ","Doubletree Reid Park 445 South Alvernon Way Tucson, AZ 85711",The Rincon Rotary Club Foundation,,https://www.facebook.com/TucsonTasteOfChocolate,,
Arizona,Pima,Tucson,VA Caregiver Resource Fair,https://www.eventbrite.com/e/va-caregiver-resource-fair-tickets-729036296187?aff=ebdssbdestsearch,,"Wed, Nov 8 •  11:00 AM ","SAVAHCS Auditorium 3601 South 6th Avenue SAVAHCS Auditorium Tucson, AZ 85723",,,,,
Arizona,Pima,Tucson,Fort Lowell Arts & Craft Fair Benefitting PACC,https://www.eventbrite.com/e/fort-lowell-arts-craft-fair-benefitting-pacc-tickets-680295330647?aff=ebdssbdestsearch,,"Sat, Nov 4 •  10:00 AM ","Faith Tabernacle Church 5011 East Fort Lowell Road Tucson, AZ 85712",Deana Mooney,,https://www.facebook.com/groups/466984510536659,,
Arizona,Pima,Tucson,Trunk or Treat Tucson 2023,https://www.eventbrite.com/e/trunk-or-treat-tucson-2023-tickets-677681432407?aff=ebdssbdestsearch,,"Sat, Oct 28 •  3:00 PM ","Synergy Plaza 2959 N Swan Rd Tucson, AZ 85712",Synergy Plaza Trunk Or Treat,,,,
Arizona,Pima,Tucson,EMERGE  STUFF THE BUS and FAMILY RESOURCE FAIR,https://www.eventbrite.com/e/emerge-stuff-the-bus-and-family-resource-fair-tickets-727100867267?aff=ebdssbdestsearch,,"Sat, Oct 21 •  9:00 AM ","The Loft Cinema, East Speedway Boulevard, Tucson, AZ, USA 3233 East Speedway Boulevard Back Parking Lot Tucson, AZ 85716",Emerge Center Against Domestic Abuse,,,,
Arizona,Pima,Tucson,Downtown Clifton Hotel's  First Annual Halloween Bar Bazaar,https://www.eventbrite.com/e/downtown-clifton-hotels-first-annual-halloween-bar-bazaar-tickets-727634322847?aff=ebdssbdestsearch,,Saturday • 6:00 PM,"The Downtown Clifton Hotel Tucson 485 South Stone Avenue Tucson, AZ 85701",The Downtown Clifton,,,,
Arizona,Pima,Tucson,The Tucson Pancakes & Booze Art Show,https://www.eventbrite.com/e/the-tucson-pancakes-booze-art-show-tickets-595486826127?aff=ebdssbdestsearch,,"Sat, Oct 21 •  8:00 PM ","Whistle Stop Depot 127 West 5th Street Tucson, AZ 85705",The Pancakes & Booze Art Show,,https://www.facebook.com/pancakesandboozeartshow,https://www.twitter.com/pancakesbooze,
Arizona,Pima,Tucson,Floating World Festival,https://www.eventbrite.com/e/floating-world-festival-tickets-714976171977?aff=ebdssbdestsearch,,Friday • 4:00 PM,"The Screening Room 127 East Congress Street Tucson, AZ 85701",Horsethief Presents,,,,
Arizona,Pima,Tucson,Anime Wonder Festival 2023,https://www.eventbrite.com/e/anime-wonder-festival-2023-tickets-618114195197?aff=ebdssbdestsearch,,"Sat, Dec 9 •  12:00 PM ","Rillito Park Race Track 4502 N 1st Ave, Tucson Tucson, AZ 85718",Fueled By X,https://Fueledbyx.com,,,
Arizona,Pima,Tucson,"Fabulous Art & Crafts Festival on Oracle Plaza,  6346 N Oracle,",https://www.eventbrite.com/e/fabulous-art-crafts-festival-on-oracle-plaza-6346-n-oracle-tickets-649791342397?aff=ebdssbdestsearch,,"Fri, Nov 10 •  10:00 AM ","Oracle Plaza 6346 North Oracle Tucson, AZ 85704",Art Attack  Art and Crafts Promotions,http://www.azartattack.com,,,
Arizona,Pima,Tucson,"Fabulous Holiday Art & Crafts Festival Oracle Plaza, 6346 N. Oracle, Tucson",https://www.eventbrite.com/e/fabulous-holiday-art-crafts-festival-oracle-plaza-6346-n-oracle-tucson-tickets-649793910077?aff=ebdssbdestsearch,,"Fri, Dec 15 •  10:00 AM ","Oracle Plaza 6346 North Oracle Tucson, AZ 85704",Art Attack  Art and Crafts Promotions,http://www.azartattack.com,,,
Arizona,Pima,Tucson,"Fabulous Art & Crafts Festival on Oracle Plaza, 6346 N. Oracle, Tucson, Az",https://www.eventbrite.com/e/fabulous-art-crafts-festival-on-oracle-plaza-6346-n-oracle-tucson-az-tickets-649795615177?aff=ebdssbdestsearch,,"Fri, Feb 2 •  10:00 AM ","Oracle Plaza 6346 North Oracle Tucson, AZ 85704",Art Attack  Art and Crafts Promotions,http://www.azartattack.com,,,
Arizona,Pima,Tucson,"Art & Crafts Festival on Oracle Plaza, 6346 N Oracle, March 29-31, 2024",https://www.eventbrite.com/e/art-crafts-festival-on-oracle-plaza-6346-n-oracle-march-29-31-2024-tickets-649797189887?aff=ebdssbdestsearch,,"Fri, Mar 29 •  10:00 AM ","Oracle Plaza 6346 North Oracle Tucson, AZ 85704",Art Attack  Art and Crafts Promotions,http://www.azartattack.com,,,
